{"highest_cleared_wave": 25, "best_times": {"10": 18.604999999999876, "11": 4.334999999999995, "12": 38.930000000000156, "13": 36.1179999999999, "14": 4.265999999999994, "15": 14.357999999999961, "16": 35.10099999999993, "17": 36.97999999999986, "18": 37.395000000000095, "19": 37.45600000000003, "20": 10.151000000000012, "21": 28.195, "22": 37.57600000000005, "23": 40.29899999999995, "24": 35.49299999999998, "25": 38.720999999999805, "5": 19.677999999999955, "6": 12.245000000000001, "1": 5.563000000000014, "2": 8.49400000000003, "3": 9.555000000000012, "4": 12.204999999999954}}